{"name":"a5c65424-414d-42ae-a396-25d2e4d2255d","id":"/providers/Microsoft.Flow/flows/a5c65424-414d-42ae-a396-25d2e4d2255d","type":"Microsoft.Flow/flows","properties":{"apiId":"/providers/Microsoft.PowerApps/apis/shared_logicflows","displayName":"When sales credit limit is exceeded block the customer","definition":{"metadata":{"workflowEntityId":null,"processAdvisorMetadata":null,"flowChargedByPaygo":null,"flowclientsuspensionreason":"None","flowclientsuspensiontime":null,"flowclientsuspensionreasondetails":null,"creator":{"id":"710cbcc9-dcbb-4719-96c6-c8d0d5882124","type":"User","tenantId":"b1c26eb6-ffc0-4887-b427-234b2db89ac4"},"provisioningMethod":"FromDefinition","failureAlertSubscription":true,"clientLastModifiedTime":"2023-08-08T20:13:56.1883961Z"},"$schema":"https://schema.management.azure.com/providers/Microsoft.Logic/schemas/2016-06-01/workflowdefinition.json#","contentVersion":"1.0.0.0","parameters":{"$connections":{"defaultValue":{},"type":"Object"},"$authentication":{"defaultValue":{},"type":"SecureObject"}},"triggers":{"When_a_business_event_occurs_(V3)":{"splitOn":"@triggerOutputs()?['body/value']","metadata":{"operationMetadataId":"134f1127-bd3c-4479-8406-cc0f0351a444"},"type":"OpenApiConnectionWebhook","inputs":{"host":{"apiId":"/providers/Microsoft.PowerApps/apis/shared_dynamicssmbsaas","connectionName":"shared_dynamicssmbsaas","operationId":"CreateBusinessEventSubscriptionV3"},"parameters":{"bcenvironment":"PRODUCTION","businessevent":"SalesCreditLimitExceeded(6f2c034f-5ebe-4eae-b34c-90a0d4e87687)","company":"4a4fb7f4-54e9-ed11-8850-6045bdc8a367"},"authentication":"@parameters('$authentication')"}}},"actions":{"Update_record_(V3)":{"runAfter":{},"metadata":{"operationMetadataId":"95e34277-b0e4-438e-a6cb-dc824179f4be"},"type":"OpenApiConnection","inputs":{"host":{"apiId":"/providers/Microsoft.PowerApps/apis/shared_dynamicssmbsaas","connectionName":"shared_dynamicssmbsaas","operationId":"PatchItemV3"},"parameters":{"bcenvironment":"PRODUCTION","company":"4a4fb7f4-54e9-ed11-8850-6045bdc8a367","dataset":"v2.0","table":"customers","id":"@triggerOutputs()?['body/CustomerId']","item/blocked":"Ship"},"authentication":"@parameters('$authentication')"}}},"outputs":{}},"connectionReferences":{"shared_dynamicssmbsaas":{"connectionName":"shared-dynamicssmbsa-b1918a03-a448-41d3-83a2-031a1bccc3df","source":"Embedded","id":"/providers/Microsoft.PowerApps/apis/shared_dynamicssmbsaas","tier":"NotSpecified"}},"flowFailureAlertSubscribed":false,"isManaged":false}}